,"Getting a pass that allows entry to multiple attractions, sightseeing places, and museums:AIDA_WW_CAW_CB_07062021_Getting a pass that allows entry to multiple attractions, sightseeing places, and museums"
0,1
1,1
2,1
3,1
4,1
5,0
6,1
7,1
8,1
9,1
10,1
11,1
12,1
13,1
14,0
15,1
16,0
17,1
18,0
19,0
20,0
21,1
22,1
23,1
24,0
25,0
26,1
27,0
28,0
29,1
30,1
31,1
32,1
33,1
34,0
35,1
36,0
37,1
38,0
39,1
40,1
41,1
42,1
43,1
44,1
45,0
46,1
47,0
48,1
49,0
50,1
51,0
52,1
53,0
54,0
55,1
56,1
57,0
58,1
59,0
60,1
61,0
62,1
63,0
64,1
65,1
66,1
67,1
68,0
69,0
70,1
71,0
72,1
73,0
74,1
75,1
76,1
77,1
78,0
79,1
80,1
81,1
82,1
83,0
84,0
85,1
86,0
87,1
88,1
89,0
90,0
91,1
92,1
93,1
94,1
95,1
96,1
97,1
98,1
99,0
100,0
101,1
102,1
103,0
104,1
105,1
106,1
107,1
108,1
109,1
110,0
111,1
112,0
113,0
114,0
115,0
116,0
117,0
118,1
119,0
120,0
121,1
122,1
123,0
124,1
125,1
126,1
127,1
128,1
129,0
130,1
131,0
132,0
133,1
134,0
135,0
136,1
137,0
138,1
139,0
140,1
141,1
142,1
143,1
144,0
145,1
146,1
147,1
148,0
149,1
150,0
151,1
152,0
153,0
154,1
155,1
156,0
157,1
158,1
159,1
160,1
161,1
162,0
163,1
164,0
165,1
166,1
167,0
168,0
169,1
170,1
171,0
172,0
173,1
174,1
175,1
176,1
177,0
178,1
179,1
180,1
181,1
182,0
183,1
184,0
185,0
186,0
187,1
188,0
189,1
190,0
191,1
192,1
193,1
194,0
195,0
196,1
197,1
198,1
199,1
200,1
201,0
202,1
203,1
204,1
205,1
206,1
207,0
208,1
209,1
210,0
211,1
212,1
213,1
214,0
215,0
216,1
217,0
218,1
219,1
220,1
221,0
222,1
223,0
224,1
225,1
226,0
227,0
228,1
229,1
230,0
231,1
232,1
233,1
234,0
235,1
236,0
237,1
238,1
239,1
240,0
241,1
242,1
243,1
244,1
245,1
246,1
247,1
248,1
249,1
250,1
251,1
252,1
253,1
254,1
255,0
256,1
257,1
258,1
259,1
260,1
261,0
262,1
263,0
264,0
265,1
266,0
267,1
268,1
269,0
270,0
271,1
272,1
273,1
274,0
275,1
276,1
277,1
278,1
279,1
280,0
281,1
282,1
283,1
284,1
285,1
286,1
287,1
288,1
289,0
290,0
291,1
292,1
293,0
294,1
295,1
296,1
297,1
298,1
299,0
300,1
301,0
302,0
303,0
304,1
305,1
306,0
307,1
308,0
309,0
310,0
311,1
312,0
313,1
314,1
315,0
316,1
317,1
318,0
319,1
320,1
321,1
322,1
323,1
324,1
325,1
326,1
327,1
328,0
329,1
330,0
331,1
332,1
333,1
334,1
335,1
336,1
337,0
338,1
339,1
340,1
341,1
342,0
343,0
344,0
345,1
346,1
347,1
348,1
349,1
350,1
351,0
352,1
353,1
354,1
355,1
356,1
357,1
358,0
359,0
360,0
361,0
362,1
363,0
364,0
365,1
366,0
367,1
368,1
369,0
370,0
371,1
372,1
373,0
374,1
375,0
376,0
377,0
378,0
379,0
380,0
381,0
382,1
383,1
384,1
385,1
386,1
387,0
388,0
389,1
390,1
391,1
392,0
393,1
394,0
395,1
396,1
397,0
398,1
399,1
400,1
401,0
402,1
403,0
404,0
405,0
406,1
407,1
408,0
409,1
410,1
411,0
412,1
413,1
414,1
415,0
416,1
417,0
418,0
419,1
420,0
421,0
422,0
423,1
424,1
425,1
426,0
427,0
428,1
429,1
430,0
431,1
432,1
433,1
434,0
435,0
436,0
437,1
438,1
439,1
440,0
441,1
442,1
443,0
444,0
445,1
446,0
447,0
448,1
449,0
450,1
451,0
452,0
453,1
454,1
455,1
456,0
457,1
458,0
459,0
460,1
461,1
462,1
463,1
464,0
465,1
466,1
467,1
468,1
469,1
470,1
471,0
472,1
473,1
474,1
475,1
476,1
477,0
478,1
479,0
480,0
481,1
482,1
483,1
484,1
485,0
486,1
487,1
488,1
489,1
490,1
491,0
492,1
493,1
494,0
495,0
496,0
497,1
498,0
499,1
500,1
501,1
502,0
503,1
504,1
505,1
506,1
507,0
508,1
509,1
510,1
511,0
512,1
513,1
514,0
515,0
516,1
517,1
518,0
519,1
520,0
521,1
522,0
523,0
524,1
525,1
526,1
527,1
528,1
529,0
530,1
531,1
532,1
533,0
534,1
535,0
536,1
537,0
538,0
539,0
540,0
541,0
542,0
543,1
544,1
545,0
546,1
547,0
548,0
549,0
550,1
551,1
552,1
553,0
554,1
555,1
556,1
557,0
558,0
559,0
560,1
561,1
562,1
563,1
564,1
565,0
566,0
567,1
568,1
569,1
570,1
571,1
572,1
573,0
574,1
575,0
576,1
577,1
578,0
579,1
580,0
581,1
582,1
583,1
584,0
585,0
586,0
587,1
588,1
589,1
590,1
591,0
592,1
593,0
594,1
595,1
596,1
597,1
598,1
599,0
600,0
601,1
602,1
603,0
604,1
605,1
606,1
607,0
608,0
609,1
610,1
611,1
612,0
613,0
614,1
615,0
616,1
617,1
618,1
619,0
620,1
621,0
622,1
623,1
624,0
625,0
626,1
627,1
628,1
629,1
630,1
631,0
632,1
633,1
634,1
635,1
636,0
637,0
638,0
639,0
640,1
641,1
642,0
643,0
644,0
645,0
646,1
647,1
648,0
649,1
650,1
651,1
652,1
653,1
654,1
655,0
656,1
657,0
658,1
659,1
660,1
661,1
662,1
663,0
664,1
665,1
666,1
667,0
668,0
669,1
670,0
671,0
672,1
673,1
674,1
675,0
676,1
677,1
678,0
679,1
680,1
681,0
682,1
683,1
684,0
685,0
686,1
687,1
688,0
689,1
690,0
691,1
692,1
693,1
694,1
695,1
696,1
697,1
698,1
699,1
700,1
701,1
702,0
703,1
704,0
705,1
706,1
707,0
708,1
709,0
710,0
711,0
712,1
713,0
714,0
715,1
716,0
717,1
718,1
719,1
720,1
721,1
722,0
723,0
724,1
725,0
726,1
727,1
728,1
729,0
730,1
731,0
732,0
733,0
734,0
735,0
736,0
737,0
738,1
739,1
740,1
741,0
742,1
743,1
744,0
745,1
746,1
747,1
748,1
749,1
750,1
751,0
752,1
753,1
754,1
755,0
756,0
757,0
758,1
759,0
760,1
761,0
762,1
763,1
764,1
765,0
766,1
767,0
768,1
769,1
770,0
771,1
772,0
773,0
774,1
775,1
776,0
777,1
778,0
779,0
780,1
781,0
782,1
783,1
784,0
785,1
786,0
787,0
788,1
789,0
790,1
791,0
792,0
793,1
794,0
795,1
796,1
797,0
798,1
799,0
800,1
801,1
802,1
803,1
804,0
805,1
806,0
807,1
808,0
809,1
810,0
811,0
812,1
813,1
814,0
815,1
816,1
817,1
818,1
819,1
820,1
821,1
822,1
823,1
824,0
825,0
826,1
827,0
828,1
829,1
830,0
831,1
832,1
833,1
834,1
835,1
836,1
837,0
838,1
839,1
840,0
841,0
842,1
843,0
844,0
845,0
846,1
847,0
848,1
849,1
850,1
851,1
852,1
853,1
854,1
855,0
856,1
857,1
858,1
859,1
860,1
861,1
862,1
863,1
864,1
865,0
866,1
867,1
868,1
869,0
870,0
871,0
872,1
873,1
874,0
875,1
876,1
877,1
878,0
879,1
880,1
881,1
882,0
883,1
884,0
885,0
886,1
887,1
888,0
889,1
890,1
891,1
892,1
893,1
894,1
895,1
896,1
897,1
898,0
899,0
900,0
901,1
902,1
903,0
904,1
905,1
906,0
907,1
908,1
909,0
910,1
911,1
912,1
913,1
914,1
915,0
916,0
917,1
918,1
919,1
920,1
921,0
922,1
923,1
924,0
925,1
926,1
927,1
928,1
929,1
930,0
931,1
932,0
933,1
934,0
935,1
936,1
937,0
938,1
939,1
940,0
941,1
942,0
943,0
944,1
945,1
946,1
947,0
948,0
949,1
950,1
951,1
952,0
953,1
954,1
955,1
956,1
957,0
958,0
959,1
960,0
961,0
962,0
963,1
964,0
965,0
966,1
967,0
968,1
969,0
970,0
971,1
972,0
973,1
974,1
975,1
976,1
977,0
978,1
979,0
980,1
981,1
982,1
983,0
984,1
985,1
986,0
987,1
988,1
989,1
990,1
991,1
992,0
993,0
994,0
995,1
996,0
997,0
998,0
999,0
1000,0
1001,1
1002,0
1003,1
1004,1
1005,0
1006,0
1007,0
1008,1
1009,0
1010,1
1011,0
1012,1
1013,1
1014,1
1015,0
1016,1
1017,1
1018,1
1019,0
1020,1
1021,1
1022,1
1023,1
1024,1
1025,0
1026,1
1027,0
1028,0
1029,0
1030,1
1031,1
1032,1
1033,1
1034,0
1035,0
1036,1
1037,1
1038,0
1039,1
1040,0
1041,0
1042,0
1043,1
1044,1
1045,0
1046,0
1047,0
1048,1
1049,0
1050,0
1051,1
1052,1
1053,1
1054,1
1055,1
1056,0
1057,1
1058,1
1059,0
1060,0
1061,0
1062,1
1063,1
1064,1
1065,0
1066,0
1067,0
1068,1
1069,1
1070,1
1071,1
1072,1
1073,1
1074,0
1075,1
1076,0
1077,1
1078,1
1079,1
1080,0
1081,1
1082,1
1083,1
1084,1
1085,1
1086,1
1087,0
1088,1
1089,1
1090,1
1091,1
1092,1
1093,1
1094,1
1095,1
1096,0
1097,1
1098,1
1099,0
1100,1
1101,1
1102,0
1103,1
1104,0
1105,1
1106,1
1107,0
1108,1
1109,1
1110,0
1111,1
1112,1
1113,0
1114,1
1115,1
1116,0
1117,1
1118,0
1119,0
1120,1
1121,1
1122,1
1123,1
1124,1
1125,1
1126,0
1127,1
1128,0
1129,1
1130,0
1131,0
1132,1
1133,1
1134,1
1135,1
1136,1
1137,0
1138,1
1139,1
1140,1
1141,1
1142,0
1143,0
1144,1
1145,1
1146,1
1147,1
1148,1
1149,1
1150,1
1151,1
1152,0
1153,1
1154,0
1155,1
1156,0
1157,1
1158,1
1159,0
1160,1
1161,1
1162,0
1163,0
1164,0
1165,0
1166,1
1167,1
1168,1
1169,1
1170,1
1171,0
1172,0
1173,1
1174,1
1175,1
1176,1
1177,1
1178,1
1179,1
1180,0
1181,0
1182,1
1183,0
1184,0
1185,1
1186,1
1187,0
1188,1
1189,0
1190,1
1191,0
1192,1
1193,0
1194,0
1195,1
1196,0
1197,1
1198,1
1199,1
1200,0
1201,0
1202,1
1203,0
1204,0
1205,1
1206,0
1207,1
1208,0
1209,0
1210,0
1211,1
1212,1
1213,1
1214,1
1215,1
1216,0
1217,1
1218,1
1219,0
1220,0
1221,0
1222,0
1223,1
1224,1
1225,1
1226,1
1227,0
1228,1
1229,0
1230,1
1231,1
1232,0
1233,1
1234,0
1235,1
1236,0
1237,1
1238,1
1239,0
1240,1
1241,1
1242,0
1243,1
1244,1
1245,0
1246,1
1247,0
1248,1
1249,1
1250,0
1251,1
1252,1
1253,1
1254,0
1255,1
1256,0
1257,1
1258,1
1259,1
1260,0
1261,0
1262,1
1263,1
1264,1
1265,1
1266,1
1267,1
1268,0
1269,1
1270,0
1271,0
1272,1
1273,0
1274,1
1275,0
1276,1
1277,1
1278,0
1279,1
1280,1
1281,1
1282,0
1283,0
1284,1
1285,1
1286,0
1287,1
1288,1
1289,1
1290,1
1291,1
1292,1
1293,0
1294,0
1295,1
1296,1
1297,0
1298,1
1299,1
1300,0
1301,1
1302,0
1303,1
1304,1
1305,1
1306,1
1307,0
1308,0
1309,1
1310,1
1311,1
1312,1
1313,1
1314,1
1315,1
1316,1
1317,1
1318,0
1319,1
1320,0
1321,1
1322,1
1323,0
1324,1
1325,0
1326,1
1327,0
1328,0
1329,1
1330,0
1331,0
1332,0
1333,0
1334,0
1335,1
1336,0
1337,1
1338,1
1339,1
1340,1
1341,0
1342,1
1343,0
1344,1
1345,0
1346,1
1347,0
1348,1
1349,1
1350,1
1351,1
1352,1
1353,1
1354,1
1355,1
1356,0
1357,0
1358,1
1359,1
1360,0
1361,1
1362,1
1363,0
1364,0
1365,0
1366,0
1367,0
1368,0
1369,1
1370,1
1371,0
1372,1
1373,0
1374,1
1375,1
1376,1
1377,0
1378,0
1379,0
1380,1
1381,0
1382,0
1383,1
1384,1
1385,1
1386,0
1387,0
1388,1
1389,0
1390,1
1391,1
1392,0
1393,1
1394,0
1395,1
1396,0
1397,0
1398,0
1399,0
1400,0
1401,0
1402,1
1403,0
1404,1
1405,1
1406,0
1407,0
1408,1
1409,1
1410,1
1411,0
1412,1
1413,0
1414,1
1415,1
1416,0
1417,1
1418,1
1419,0
1420,1
1421,0
1422,0
1423,0
1424,0
1425,1
1426,0
1427,1
1428,1
1429,0
1430,0
1431,1
1432,0
1433,0
1434,1
1435,1
1436,0
1437,1
1438,1
1439,0
1440,1
1441,1
1442,1
1443,0
1444,1
1445,0
1446,0
1447,1
1448,0
1449,0
1450,0
1451,0
1452,1
1453,0
1454,1
1455,1
1456,0
1457,1
1458,1
1459,1
1460,0
1461,0
1462,1
1463,1
1464,0
1465,1
1466,1
1467,1
1468,1
1469,0
1470,1
1471,1
1472,0
1473,0
1474,1
1475,1
1476,0
1477,1
1478,1
1479,1
1480,1
1481,0
1482,0
1483,1
1484,0
1485,1
1486,1
1487,1
1488,1
1489,1
1490,1
1491,1
1492,0
1493,0
1494,1
1495,0
1496,1
1497,0
1498,1
1499,1
1500,0
1501,1
1502,0
1503,0
1504,1
1505,0
1506,1
1507,1
1508,0
1509,0
1510,1
1511,1
1512,0
1513,0
1514,1
1515,0
1516,0
1517,1
1518,0
1519,0
1520,1
1521,0
1522,0
1523,1
1524,1
1525,1
1526,0
1527,1
1528,0
1529,1
1530,1
1531,1
1532,0
1533,1
1534,0
1535,1
1536,0
1537,1
1538,1
1539,1
1540,1
1541,1
1542,0
1543,1
1544,0
1545,0
1546,1
1547,0
1548,1
1549,1
1550,0
1551,1
1552,0
1553,1
1554,0
1555,0
1556,1
1557,1
1558,1
1559,1
1560,1
1561,1
1562,1
1563,1
1564,0
1565,0
1566,1
1567,1
1568,1
1569,0
1570,1
1571,1
1572,0
1573,1
1574,1
1575,1
1576,0
1577,1
1578,1
1579,0
1580,1
1581,1
1582,1
1583,0
1584,1
1585,1
1586,0
1587,1
1588,1
1589,0
1590,0
1591,1
1592,0
1593,1
1594,1
1595,1
1596,1
1597,0
1598,0
1599,1
1600,1
1601,0
1602,0
1603,0
1604,1
1605,0
1606,0
1607,1
1608,0
1609,0
1610,0
1611,1
1612,1
1613,0
1614,0
1615,0
1616,0
1617,0
1618,0
1619,1
1620,1
1621,0
1622,0
1623,0
1624,1
1625,0
1626,1
1627,0
1628,0
1629,0
1630,1
1631,0
1632,0
1633,0
1634,0
1635,1
1636,1
1637,1
1638,1
1639,0
1640,0
1641,0
1642,1
1643,1
1644,0
1645,0
1646,0
1647,0
1648,0
1649,0
1650,1
1651,0
1652,1
1653,0
1654,0
1655,0
1656,0
1657,0
1658,0
1659,0
1660,0
1661,0
1662,0
1663,0
1664,1
1665,0
1666,1
1667,0
1668,0
1669,1
1670,1
1671,0
1672,0
1673,0
1674,1
1675,0
1676,0
1677,1
1678,0
1679,1
1680,0
1681,0
1682,1
1683,0
1684,1
1685,0
1686,0
1687,1
1688,0
1689,1
1690,1
1691,0
1692,1
1693,1
1694,1
1695,1
1696,1
1697,0
1698,0
1699,0
1700,0
1701,0
1702,1
1703,0
1704,1
1705,0
1706,1
1707,1
1708,1
1709,1
1710,0
1711,0
1712,1
1713,0
1714,0
1715,1
1716,1
1717,1
1718,0
1719,0
1720,0
1721,0
1722,1
1723,0
1724,1
1725,0
1726,0
1727,0
1728,0
1729,0
1730,1
1731,1
1732,1
1733,0
1734,1
1735,1
1736,1
1737,1
1738,0
1739,1
1740,1
1741,1
1742,0
1743,0
1744,1
1745,1
1746,1
1747,0
1748,1
1749,0
1750,1
1751,1
1752,0
1753,0
1754,1
1755,0
1756,1
1757,0
1758,0
1759,1
1760,0
1761,0
1762,1
1763,0
1764,0
1765,1
1766,0
1767,1
1768,0
1769,1
1770,0
1771,0
1772,1
1773,0
1774,1
1775,0
1776,0
1777,1
1778,1
1779,0
1780,1
1781,1
1782,1
1783,0
1784,1
1785,0
1786,1
1787,0
1788,1
1789,0
1790,1
1791,1
1792,0
1793,1
1794,0
1795,0
1796,0
1797,0
1798,0
1799,0
1800,1
1801,1
1802,1
1803,1
1804,0
1805,1
1806,1
1807,1
1808,1
1809,0
1810,1
1811,0
1812,0
1813,0
1814,1
1815,1
1816,1
1817,0
1818,1
1819,1
1820,1
1821,0
1822,0
1823,0
1824,1
1825,1
1826,1
1827,1
1828,1
1829,1
1830,0
1831,1
1832,0
1833,1
1834,1
1835,0
1836,0
1837,1
1838,1
1839,1
1840,0
1841,0
1842,0
1843,0
1844,1
1845,0
1846,1
1847,1
1848,1
1849,0
1850,0
1851,0
1852,1
1853,1
1854,0
1855,1
1856,1
1857,1
1858,1
1859,1
1860,1
1861,1
1862,0
1863,1
1864,1
1865,0
1866,1
1867,0
1868,1
1869,1
1870,1
1871,1
1872,1
1873,1
1874,1
1875,1
1876,1
1877,1
1878,1
1879,1
1880,0
1881,0
1882,0
1883,0
1884,1
1885,1
1886,1
1887,0
1888,0
1889,0
1890,0
1891,1
1892,0
1893,0
1894,1
1895,1
1896,1
1897,0
1898,1
1899,1
1900,0
1901,1
1902,0
1903,0
1904,0
1905,0
1906,0
1907,1
1908,0
1909,0
1910,0
1911,1
1912,0
1913,0
1914,1
1915,1
1916,0
1917,1
1918,1
1919,0
1920,1
1921,1
1922,1
1923,1
1924,0
1925,0
1926,0
1927,0
1928,1
1929,1
1930,0
1931,0
1932,1
1933,1
1934,1
1935,1
1936,0
1937,1
1938,0
1939,1
1940,0
1941,0
1942,1
1943,1
1944,1
1945,0
1946,0
1947,0
1948,1
1949,1
1950,1
1951,0
1952,1
1953,1
1954,1
1955,0
1956,0
1957,1
1958,0
1959,1
1960,1
1961,1
1962,1
1963,0
1964,0
1965,0
1966,1
1967,1
1968,1
1969,1
1970,0
1971,1
1972,1
1973,0
1974,0
1975,0
1976,1
1977,1
1978,0
1979,0
1980,0
1981,0
1982,0
1983,1
1984,1
1985,1
1986,0
1987,0
1988,1
1989,0
1990,1
1991,1
1992,1
1993,1
1994,1
1995,1
1996,1
1997,0
1998,1
1999,1
2000,1
2001,0
2002,1
2003,1
2004,1
2005,1
2006,1
2007,0
2008,1
2009,1
2010,0
2011,1
2012,0
2013,1
2014,1
2015,1
2016,1
2017,0
2018,0
2019,1
2020,0
2021,1
2022,0
2023,0
2024,1
2025,1
2026,0
2027,1
2028,0
2029,1
2030,0
2031,1
2032,1
2033,1
2034,0
2035,0
2036,1
2037,1
2038,0
2039,1
2040,1
2041,0
2042,1
2043,1
2044,0
2045,1
2046,0
2047,1
2048,0
2049,1
2050,0
2051,1
2052,1
2053,0
2054,0
2055,0
2056,1
2057,1
2058,0
2059,0
2060,1
2061,0
2062,1
2063,0
2064,1
2065,0
2066,0
2067,1
2068,0
2069,0
2070,1
2071,1
2072,0
2073,0
2074,0
2075,1
2076,0
2077,1
2078,0
2079,1
2080,1
2081,1
2082,1
2083,1
2084,1
2085,0
2086,1
2087,1
2088,0
2089,1
2090,1
2091,0
2092,1
2093,0
2094,0
2095,1
2096,0
2097,1
2098,1
2099,1
2100,1
2101,0
2102,0
2103,0
2104,1
2105,1
2106,1
2107,1
2108,0
2109,0
2110,1
2111,1
2112,0
2113,1
2114,1
2115,0
2116,0
2117,1
2118,1
2119,1
2120,1
2121,1
2122,1
2123,0
2124,1
2125,0
2126,0
2127,0
2128,1
2129,1
2130,1
2131,0
2132,1
2133,1
2134,1
2135,1
2136,1
2137,0
2138,1
2139,1
2140,1
2141,0
2142,0
2143,0
2144,0
2145,1
2146,1
2147,1
2148,0
2149,1
2150,1
2151,1
2152,0
2153,1
2154,1
2155,1
2156,0
2157,0
2158,0
2159,1
2160,0
2161,1
2162,0
2163,1
2164,0
2165,0
2166,1
2167,0
2168,1
2169,0
2170,1
2171,1
2172,0
2173,0
2174,1
2175,1
2176,0
2177,0
2178,0
2179,0
2180,1
2181,1
2182,0
2183,0
2184,1
2185,0
2186,1
2187,1
2188,1
2189,1
2190,1
2191,1
2192,1
2193,1
2194,0
2195,0
2196,1
2197,0
2198,0
2199,1
2200,0
2201,0
2202,1
2203,1
2204,1
2205,1
2206,1
2207,1
2208,1
2209,1
2210,1
2211,0
2212,0
2213,0
2214,0
2215,0
2216,1
2217,0
2218,0
2219,1
2220,0
2221,0
2222,0
2223,1
2224,0
2225,0
2226,0
2227,0
2228,0
2229,0
2230,1
2231,0
2232,0
2233,0
2234,0
2235,0
2236,1
2237,1
2238,0
2239,1
2240,0
2241,0
2242,1
2243,0
2244,0
2245,0
2246,0
2247,0
2248,1
2249,0
2250,1
2251,0
2252,0
2253,1
2254,1
2255,0
2256,0
2257,0
2258,1
2259,0
2260,0
2261,0
2262,1
2263,0
2264,0
2265,1
2266,0
2267,1
2268,0
2269,0
2270,1
2271,1
2272,1
2273,0
2274,1
2275,1
2276,1
2277,0
2278,0
2279,1
2280,1
2281,0
2282,0
2283,1
2284,1
2285,0
2286,1
2287,0
2288,0
2289,1
2290,1
2291,0
2292,1
2293,1
2294,1
2295,0
2296,0
2297,1
2298,1
2299,1
2300,0
2301,1
2302,0
2303,0
2304,1
2305,0
2306,0
2307,1
2308,1
2309,1
2310,0
2311,0
2312,0
2313,1
2314,0
2315,1
2316,1
2317,1
2318,1
2319,1
2320,1
2321,0
2322,0
2323,0
2324,0
2325,1
2326,0
2327,0
2328,1
2329,0
2330,0
2331,0
2332,1
2333,0
2334,1
2335,1
2336,0
2337,0
2338,1
2339,0
2340,1
2341,1
2342,1
2343,1
2344,0
2345,0
2346,1
2347,0
2348,1
2349,1
2350,1
2351,0
2352,0
2353,0
2354,1
2355,0
2356,0
2357,1
2358,0
2359,0
2360,0
2361,0
2362,1
2363,0
2364,0
2365,1
2366,1
2367,0
2368,1
2369,1
2370,0
2371,0
2372,0
2373,1
2374,0
2375,1
2376,0
2377,1
2378,1
2379,0
2380,1
2381,0
2382,0
2383,1
2384,0
2385,0
2386,0
2387,0
2388,0
2389,0
2390,1
2391,0
2392,1
2393,1
2394,0
2395,1
2396,0
2397,0
2398,0
2399,1
2400,0
2401,0
2402,0
2403,0
2404,1
2405,1
2406,0
2407,0
2408,1
2409,0
2410,1
2411,0
2412,1
2413,0
2414,1
2415,1
2416,1
2417,0
2418,1
2419,0
2420,0
2421,1
2422,0
2423,1
2424,1
2425,1
2426,0
2427,1
2428,1
2429,0
2430,1
2431,0
2432,0
2433,0
2434,1
2435,1
2436,1
2437,0
2438,0
2439,0
2440,0
2441,0
2442,1
2443,0
2444,1
2445,0
2446,0
2447,1
2448,1
2449,0
2450,1
2451,1
2452,0
2453,1
2454,1
2455,1
2456,1
2457,1
2458,0
2459,0
2460,0
2461,1
2462,1
2463,0
2464,0
2465,1
2466,1
2467,1
2468,1
2469,1
2470,1
2471,1
2472,0
2473,1
2474,0
2475,0
2476,0
2477,1
2478,0
2479,1
2480,1
2481,0
2482,1
2483,0
2484,1
2485,1
2486,1
2487,1
2488,0
2489,0
2490,1
2491,1
2492,1
2493,1
2494,1
2495,0
2496,0
2497,0
2498,0
2499,0
2500,1
2501,1
2502,0
2503,1
2504,0
2505,0
2506,1
2507,0
2508,0
2509,1
2510,0
2511,0
2512,1
2513,1
2514,1
2515,0
2516,0
2517,1
2518,0
2519,0
2520,0
2521,1
2522,0
2523,0
2524,0
2525,0
2526,0
2527,1
2528,0
2529,1
2530,0
2531,0
2532,0
2533,0
2534,1
2535,0
2536,0
2537,0
2538,1
2539,0
2540,1
2541,0
2542,0
2543,1
2544,1
2545,1
2546,1
2547,1
2548,1
2549,1
2550,0
2551,1
2552,1
2553,0
2554,0
2555,0
2556,1
2557,1
2558,0
2559,1
2560,0
2561,0
2562,0
2563,0
2564,1
2565,0
2566,0
2567,1
2568,1
2569,1
2570,0
2571,0
2572,1
2573,0
2574,1
2575,1
2576,1
2577,0
2578,1
2579,1
2580,1
2581,0
2582,0
2583,1
2584,1
2585,0
2586,0
2587,0
2588,1
2589,0
2590,1
2591,1
2592,1
2593,1
2594,0
2595,1
2596,1
2597,0
2598,0
2599,1
2600,1
2601,0
2602,1
2603,1
2604,1
2605,1
2606,0
2607,1
2608,1
2609,1
2610,1
2611,0
2612,1
2613,0
2614,0
2615,0
2616,0
2617,1
2618,0
2619,1
2620,0
2621,0
2622,0
2623,0
2624,1
2625,1
2626,1
2627,0
2628,1
2629,1
2630,1
2631,1
2632,1
2633,0
2634,0
2635,0
2636,1
2637,0
2638,1
2639,0
2640,1
2641,0
2642,1
2643,0
2644,1
2645,0
2646,0
2647,0
2648,1
2649,0
2650,1
2651,0
2652,0
2653,1
2654,1
2655,1
2656,1
2657,1
2658,1
2659,0
2660,1
2661,0
2662,0
2663,0
2664,1
2665,0
2666,0
2667,1
2668,0
2669,0
2670,0
2671,1
2672,0
2673,0
2674,0
2675,0
2676,0
2677,1
2678,1
2679,0
2680,0
2681,0
2682,1
2683,1
2684,1
2685,0
2686,0
2687,1
2688,1
2689,1
2690,1
2691,0
2692,1
2693,0
2694,1
2695,0
2696,1
2697,1
2698,0
2699,0
2700,1
2701,0
2702,1
2703,0
2704,0
2705,0
2706,0
2707,1
2708,0
2709,1
2710,0
2711,0
2712,0
2713,1
2714,0
2715,1
2716,1
2717,1
2718,1
2719,0
2720,0
2721,1
2722,1
2723,0
2724,0
2725,0
2726,1
2727,1
2728,1
2729,0
2730,1
2731,0
2732,1
2733,1
2734,1
2735,0
2736,1
2737,1
2738,0
2739,1
2740,1
2741,0
2742,1
2743,0
2744,1
2745,1
2746,0
2747,1
2748,0
2749,0
2750,0
2751,1
2752,1
2753,0
2754,1
2755,1
2756,0
2757,0
2758,0
2759,0
2760,1
2761,1
2762,1
2763,0
2764,1
2765,1
2766,1
2767,0
2768,1
2769,0
2770,0
2771,1
2772,1
2773,1
2774,1
2775,0
2776,1
2777,0
2778,0
2779,0
2780,0
2781,0
2782,1
2783,1
2784,0
2785,1
2786,1
2787,1
2788,0
2789,1
2790,1
2791,1
2792,1
2793,0
2794,0
2795,1
2796,1
2797,0
2798,0
2799,0
2800,1
2801,0
2802,1
2803,1
2804,0
2805,0
2806,1
2807,0
2808,1
2809,1
2810,1
2811,0
2812,1
2813,0
2814,1
2815,0
2816,1
2817,0
2818,1
2819,1
2820,1
2821,0
2822,0
2823,0
2824,1
2825,0
2826,1
2827,1
2828,0
2829,1
2830,0
2831,1
2832,1
2833,1
2834,1
2835,1
2836,0
2837,1
2838,1
2839,1
2840,1
2841,1
2842,1
2843,0
2844,0
2845,0
2846,1
2847,1
2848,0
2849,1
2850,1
2851,1
2852,1
2853,1
2854,1
2855,0
2856,1
2857,1
2858,0
2859,1
2860,0
2861,1
2862,1
2863,1
2864,1
2865,1
2866,0
2867,0
2868,0
2869,0
2870,0
2871,1
2872,0
2873,0
2874,0
2875,1
2876,0
2877,0
2878,0
2879,1
2880,1
2881,0
2882,1
2883,0
2884,0
2885,0
2886,1
2887,1
2888,0
2889,0
2890,0
2891,1
2892,0
2893,0
2894,1
2895,0
2896,0
2897,1
2898,0
2899,0
2900,1
2901,1
2902,1
2903,0
2904,1
2905,0
2906,1
2907,0
2908,0
2909,1
2910,1
2911,1
2912,1
2913,0
2914,1
2915,1
2916,0
2917,1
2918,0
2919,0
2920,1
2921,1
2922,1
2923,0
2924,1
2925,1
2926,1
2927,1
2928,1
2929,0
2930,0
2931,0
2932,1
2933,1
2934,1
2935,0
2936,1
2937,0
2938,0
2939,1
2940,0
2941,0
2942,1
2943,1
2944,0
2945,1
2946,1
2947,0
2948,1
2949,1
2950,1
2951,1
2952,0
2953,1
2954,1
2955,0
2956,1
2957,0
2958,1
2959,0
2960,0
2961,1
2962,1
2963,0
2964,0
2965,1
2966,0
2967,1
2968,1
2969,0
2970,1
2971,1
2972,1
2973,1
2974,1
2975,1
2976,1
2977,1
2978,1
2979,0
2980,1
2981,1
2982,0
2983,1
2984,1
2985,1
2986,1
2987,1
2988,1
2989,0
2990,1
2991,1
2992,0
2993,0
2994,1
2995,0
2996,1
2997,1
2998,0
2999,0
3000,0
3001,0
3002,1
3003,1
3004,0
3005,1
3006,0
3007,0
3008,0
3009,0
3010,0
3011,1
3012,0
3013,1
3014,1
3015,0
3016,0
3017,0
3018,0
3019,1
3020,0
3021,0
3022,1
3023,1
3024,0
3025,0
3026,0
3027,1
3028,1
3029,0
3030,0
3031,0
3032,1
3033,1
3034,1
3035,1
3036,0
3037,1
3038,0
3039,1
3040,1
3041,1
3042,1
3043,0
3044,1
3045,1
3046,1
3047,1
3048,0
3049,0
3050,1
3051,0
3052,0
3053,0
3054,1
3055,1
3056,1
3057,0
3058,1
3059,1
3060,1
3061,0
3062,1
3063,0
3064,0
3065,0
3066,0
3067,0
3068,0
3069,0
3070,1
3071,1
3072,1
3073,0
3074,1
3075,0
3076,1
3077,1
3078,0
3079,1
3080,0
3081,0
3082,0
3083,1
3084,1
3085,0
3086,0
3087,1
3088,0
3089,0
3090,1
3091,1
3092,1
3093,1
3094,1
3095,0
3096,1
3097,0
3098,0
3099,0
3100,0
3101,0
3102,1
3103,0
3104,0
3105,0
3106,0
3107,0
3108,0
3109,1
3110,1
3111,1
3112,1
3113,1
3114,1
3115,1
3116,1
3117,1
3118,1
3119,1
3120,0
3121,1
3122,1
3123,1
3124,1
3125,1
3126,0
3127,1
3128,0
3129,1
3130,1
3131,1
3132,1
3133,0
3134,1
3135,0
3136,0
3137,0
3138,1
3139,0
3140,0
3141,1
3142,0
3143,0
3144,0
3145,0
3146,1
3147,0
3148,1
3149,1
3150,1
3151,0
3152,0
3153,0
3154,0
3155,1
3156,0
3157,0
3158,1
3159,1
3160,0
3161,1
3162,0
3163,1
3164,1
3165,1
3166,0
3167,0
3168,0
3169,1
3170,1
3171,1
3172,1
3173,1
3174,0
3175,0
3176,1
3177,1
3178,1
3179,1
3180,0
3181,1
3182,1
3183,1
3184,1
3185,0
3186,0
3187,0
3188,0
3189,1
3190,0
3191,1
3192,0
3193,0
3194,1
3195,1
3196,1
3197,0
3198,0
3199,0
3200,0
3201,1
3202,0
3203,0
3204,0
3205,0
3206,0
3207,0
3208,0
3209,1
3210,1
3211,0
3212,0
3213,0
3214,1
3215,0
3216,1
3217,0
3218,1
3219,0
3220,0
3221,1
3222,1
3223,1
3224,1
3225,0
3226,1
3227,0
3228,0
3229,1
3230,1
3231,1
3232,1
3233,0
3234,0
3235,1
3236,1
3237,0
3238,1
3239,1
3240,1
3241,1
3242,0
3243,1
3244,0
3245,0
3246,0
3247,1
3248,0
3249,1
3250,0
3251,1
3252,0
3253,0
3254,1
3255,1
3256,0
3257,0
3258,1
3259,1
3260,1
3261,1
3262,0
3263,0
3264,1
3265,1
3266,1
3267,1
3268,1
3269,0
3270,0
3271,1
3272,0
3273,0
3274,0
3275,0
3276,0
3277,0
3278,1
3279,0
3280,0
3281,0
3282,0
3283,0
3284,0
3285,0
3286,0
3287,1
3288,0
3289,1
3290,1
3291,0
3292,1
3293,0
3294,0
3295,1
3296,1
3297,1
3298,1
3299,1
3300,0
3301,0
3302,0
3303,0
3304,1
3305,0
3306,0
3307,0
3308,1
3309,0
3310,1
3311,0
3312,0
3313,0
3314,0
3315,0
3316,0
3317,1
3318,0
3319,1
3320,0
3321,0
3322,1
3323,1
3324,1
3325,1
3326,1
3327,0
3328,0
3329,1
3330,1
3331,1
3332,0
3333,0
3334,0
3335,1
3336,0
3337,1
3338,0
3339,0
3340,1
3341,0
3342,1
3343,1
3344,1
3345,1
3346,1
3347,0
3348,0
3349,0
3350,1
3351,0
3352,1
3353,1
3354,0
3355,1
3356,0
3357,0
3358,0
3359,0
3360,0
3361,1
3362,0
3363,1
3364,0
3365,0
3366,0
3367,1
3368,0
3369,1
3370,0
3371,1
3372,0
3373,0
3374,0
3375,0
3376,1
3377,0
3378,1
3379,1
3380,0
3381,0
3382,1
3383,0
3384,0
3385,1
3386,0
3387,0
3388,1
3389,1
3390,1
3391,1
3392,1
3393,1
3394,1
3395,1
3396,0
3397,0
3398,0
3399,1
3400,1
3401,0
3402,1
3403,1
3404,0
3405,1
3406,0
3407,1
3408,0
3409,1
3410,0
3411,1
3412,1
3413,0
3414,0
3415,1
3416,0
3417,0
3418,1
3419,1
3420,0
3421,1
3422,1
3423,1
3424,1
3425,0
3426,0
3427,1
3428,1
3429,1
3430,0
3431,0
3432,1
3433,0
3434,1
3435,0
3436,1
3437,0
3438,1
3439,0
3440,1
3441,0
3442,1
3443,1
3444,1
3445,0
3446,0
3447,1
3448,1
3449,1
3450,0
3451,0
3452,0
3453,0
3454,0
3455,1
3456,0
3457,1
3458,0
3459,1
3460,1
3461,1
3462,1
3463,0
3464,0
3465,0
3466,1
3467,0
3468,1
3469,1
3470,0
3471,0
3472,1
3473,0
3474,1
3475,0
3476,1
3477,1
3478,1
3479,0
3480,1
3481,0
3482,1
3483,1
3484,1
3485,1
3486,0
3487,1
3488,1
3489,1
3490,0
3491,0
3492,1
3493,1
3494,0
3495,1
3496,0
3497,1
3498,1
3499,1
3500,0
3501,0
3502,0
3503,0
3504,1
3505,0
3506,0
3507,1
3508,0
3509,0
3510,1
3511,0
3512,1
3513,0
3514,0
3515,0
3516,0
3517,0
3518,0
3519,0
3520,0
3521,0
3522,1
3523,1
3524,0
3525,1
3526,1
3527,1
3528,1
3529,1
3530,0
3531,1
3532,0
3533,1
3534,0
3535,1
3536,0
3537,1
3538,0
3539,1
3540,0
3541,0
3542,1
3543,1
3544,0
3545,0
3546,1
3547,1
3548,1
3549,1
3550,1
3551,1
3552,1
3553,1
3554,1
3555,0
3556,1
3557,1
3558,1
3559,1
3560,1
3561,0
3562,0
3563,1
3564,1
3565,0
3566,0
3567,0
3568,1
3569,1
3570,1
3571,0
3572,1
3573,0
3574,1
3575,1
3576,0
3577,1
3578,1
3579,0
3580,0
3581,0
3582,0
3583,1
3584,1
3585,0
3586,0
3587,0
3588,0
3589,1
3590,1
3591,0
3592,1
3593,1
3594,0
3595,1
3596,0
3597,0
3598,0
3599,0
3600,1
3601,0
3602,0
3603,1
3604,0
3605,1
3606,1
3607,0
3608,0
3609,1
3610,0
3611,1
3612,1
3613,1
3614,0
3615,1
3616,1
3617,1
3618,1
3619,1
3620,0
3621,0
3622,0
3623,0
3624,1
3625,1
3626,1
3627,1
3628,1
3629,1
3630,0
3631,1
3632,0
3633,1
3634,0
3635,0
3636,0
3637,0
3638,1
3639,1
3640,1
3641,1
3642,1
3643,0
3644,1
3645,1
3646,1
3647,1
3648,0
3649,1
3650,1
3651,1
3652,1
3653,1
3654,0
3655,1
3656,1
3657,1
3658,1
3659,0
3660,1
3661,0
3662,1
3663,0
3664,0
3665,1
3666,1
3667,0
3668,0
3669,0
3670,1
3671,1
3672,0
3673,1
3674,1
3675,1
3676,1
3677,1
3678,0
3679,1
3680,0
3681,0
3682,0
3683,1
3684,0
3685,1
3686,1
3687,0
3688,1
3689,1
3690,1
3691,0
3692,1
3693,1
3694,1
3695,0
3696,1
3697,1
3698,1
3699,1
3700,1
3701,1
3702,0
3703,0
3704,0
3705,0
3706,1
3707,1
3708,0
3709,1
3710,1
3711,1
3712,0
3713,0
3714,1
3715,0
3716,0
3717,0
3718,1
3719,1
3720,1
3721,1
3722,0
3723,0
3724,0
3725,1
3726,0
3727,1
3728,0
3729,0
3730,1
3731,1
3732,1
3733,1
3734,0
3735,0
3736,0
3737,1
3738,1
3739,1
3740,0
3741,0
3742,0
3743,0
3744,0
3745,1
3746,1
3747,1
3748,1
3749,1
3750,0
3751,1
3752,0
3753,1
3754,0
3755,1
3756,1
3757,0
3758,0
3759,0
3760,1
3761,1
3762,0
3763,0
3764,1
3765,0
3766,0
3767,1
3768,1
3769,1
3770,1
3771,0
3772,1
3773,1
3774,0
3775,0
3776,1
3777,0
3778,1
3779,1
3780,1
3781,0
3782,0
3783,1
3784,0
3785,0
3786,1
3787,1
3788,0
3789,0
3790,1
3791,1
3792,0
3793,1
3794,1
3795,0
3796,0
3797,1
3798,0
3799,0
3800,1
3801,1
3802,1
3803,0
3804,1
3805,1
3806,1
3807,0
3808,0
3809,1
3810,1
3811,0
3812,1
3813,0
3814,1
3815,0
3816,0
3817,0
3818,1
3819,1
3820,0
3821,1
3822,0
3823,1
3824,0
3825,0
3826,1
3827,1
3828,1
3829,1
3830,0
3831,0
3832,1
3833,1
3834,1
3835,0
3836,0
3837,1
3838,0
3839,1
3840,0
3841,0
3842,1
3843,1
3844,1
3845,1
3846,1
3847,1
3848,1
3849,1
3850,1
3851,1
3852,1
3853,1
3854,0
3855,1
3856,1
3857,1
3858,0
3859,1
3860,1
3861,1
3862,0
3863,1
3864,0
3865,1
3866,1
3867,0
3868,1
3869,1
3870,0
3871,1
3872,0
3873,1
3874,1
3875,0
3876,0
3877,0
3878,1
3879,0
3880,0
3881,1
3882,1
3883,0
3884,1
3885,1
3886,0
3887,0
3888,0
3889,1
3890,0
3891,1
3892,0
3893,0
3894,0
3895,0
3896,1
3897,1
3898,0
3899,0
3900,0
3901,0
3902,0
3903,0
3904,0
3905,1
3906,1
3907,1
3908,1
3909,1
3910,1
3911,0
3912,1
3913,0
3914,1
3915,1
3916,1
3917,0
3918,0
3919,1
3920,0
3921,1
3922,0
3923,0
3924,0
3925,1
3926,1
3927,1
3928,0
3929,0
3930,1
3931,0
3932,0
3933,0
3934,0
3935,1
3936,0
3937,0
3938,1
3939,0
3940,1
3941,1
3942,1
3943,0
3944,1
3945,0
3946,0
3947,0
3948,1
3949,1
3950,0
3951,1
3952,0
3953,0
3954,1
3955,0
3956,1
3957,1
3958,0
3959,0
3960,0
3961,1
3962,1
3963,0
3964,1
3965,0
3966,0
3967,0
3968,0
3969,0
3970,1
3971,0
3972,0
3973,0
3974,1
3975,1
3976,1
3977,1
